DSB_15_062446.trl;agresor
DSB_15_062456.trl;akribija
DSB_15_062466.trl;arabeska
DSB_15_062471.trl;antiawtoritarny
DSB_15_062472.trl;andrologija
DSB_15_062477.trl;Andorra
DSB_15_062483.trl;abort
DSB_15_062488.trl;adretny
DSB_15_062505.trl;alrawna
DSB_15_062518.trl;appartement
DSB_15_062542.trl;accessoire
DSB_15_062549.trl;mjatawka
DSB_15_062551.trl;magnetit
DSB_15_062552.trl;pokaty
DSB_15_062555.trl;mnjo
DSB_15_062558.trl;nacetk
DSB_15_062559.trl;ominozny
DSB_15_062561.trl;nosanki
DSB_15_062562.trl;mjasec
DSB_15_062563.trl;nałpowka
DSB_15_062564.trl;nagubac
DSB_15_062565.trl;nawłosny
DSB_15_062566.trl;mlack
DSB_15_062569.trl;oceanologija
DSB_15_062574.trl;maltoza
DSB_15_062586.trl;meningitis
DSB_15_062589.trl;kosmologija
DSB_15_062593.trl;Wiki
DSB_15_062595.trl;meduza
DSB_15_062597.trl;nikul
DSB_15_062600.trl;miganje
DSB_15_062605.trl;oceanologiski
DSB_15_062607.trl;nicenje
DSB_15_062609.trl;laplandski
DSB_15_062611.trl;mobilizacija
DSB_15_062621.trl;njecesny
DSB_15_062630.trl;malsno
DSB_15_062631.trl;maska
DSB_15_062633.trl;mjetwej
DSB_15_062637.trl;nalipk
DSB_15_062642.trl;namakanje
DSB_15_062650.trl;maslaty
DSB_15_062653.trl;Bog
DSB_15_062656.trl;muka
DSB_15_062658.trl;maminka
DSB_15_062661.trl;minimum
DSB_15_062663.trl;maksimum
DSB_15_062671.trl;nas
DSB_15_062675.trl;mutacija
DSB_15_062679.trl;mezocoikum
DSB_15_062680.trl;onomaziologija
DSB_15_062686.trl;stetoskop
DSB_15_062692.trl;makojca
DSB_15_062695.trl;napadaty
DSB_15_062696.trl;monogamija
DSB_15_062701.trl;mahagoni
DSB_15_062703.trl;plawsibelny
DSB_15_062705.trl;njecesany
DSB_15_062706.trl;olympiada
DSB_15_062707.trl;nawtika
DSB_15_062711.trl;Njacyna
DSB_15_062717.trl;nałpa
DSB_15_062725.trl;mach
DSB_15_062727.trl;Mekka
DSB_15_062735.trl;muzikologija
DSB_15_062736.trl;motiw
DSB_15_062742.trl;niki
DSB_15_062744.trl;kosmogonija
DSB_15_062749.trl;zapinak
DSB_15_062753.trl;objekt
DSB_15_062758.trl;nałpicka
DSB_15_062764.trl;tuskaś
DSB_15_062768.trl;meni
DSB_15_075588.trl;ablatiw
DSB_15_075590.trl;abonentka
DSB_15_075594.trl;acetat
DSB_15_075595.trl;acetylen
DSB_15_075596.trl;achat
DSB_15_075598.trl;adapcija
DSB_15_075600.trl;adaptacija
DSB_15_075601.trl;adekwatnosć
DSB_15_075602.trl;adekwatny
DSB_15_075606.trl;adicija
DSB_15_075610.trl;adjektiwizacija
DSB_15_075611.trl;adjunkt
DSB_15_075613.trl;adjunktowka
DSB_15_075616.trl;adwentist
DSB_15_075617.trl;adwentistka
DSB_15_075620.trl;afa
DSB_15_075624.trl;Afghanistan
DSB_15_075631.trl;agenda
DSB_15_075633.trl;agentka
DSB_15_075634.trl;agentstwo
DSB_15_075640.trl;aha
DSB_15_075641.trl;aidstest
DSB_15_075643.trl;ajatollah
DSB_15_075645.trl;akacija
DSB_15_075648.trl;akcent
DSB_15_075649.trl;akceptabelnje
DSB_15_075650.trl;akceptant
DSB_15_075651.trl;akcija
DSB_15_075652.trl;akciza
DSB_15_075656.trl;aklamacija
DSB_15_075657.trl;akne
DSB_15_075659.trl;akomodacija
DSB_15_075660.trl;aksialny
DSB_15_075663.trl;aksiom
DSB_15_075664.trl;aktiw
DSB_15_075665.trl;aktiwist
DSB_15_075668.trl;aktiwizm
DSB_15_075669.trl;aktiwistka
DSB_15_075674.trl;aktualnosć
DSB_15_075675.trl;aktualny
DSB_15_075676.trl;aku
DSB_15_075677.trl;akumulacija
DSB_15_075678.trl;akustika
DSB_15_075683.trl;akwedukt
DSB_15_075689.trl;albinizm
DSB_15_075690.trl;album
DSB_15_075693.trl;aldente
DSB_15_075695.trl;Aleman
DSB_15_075696.trl;Alemanka
DSB_15_075699.trl;alfabet
DSB_15_075701.trl;alga
DSB_15_075702.trl;alianca
DSB_15_075703.trl;alkali
DSB_15_075704.trl;alkaliski
DSB_15_075709.trl;almenda
DSB_15_075710.trl;alopatija
DSB_15_075716.trl;alpinistka
DSB_15_075717.trl;alpinizm
DSB_15_075718.trl;alpinski
DSB_15_075721.trl;Alpy
DSB_15_075722.trl;Altaj
DSB_15_075723.trl;altist
DSB_15_075724.trl;altistka
DSB_15_075725.trl;aluminium
DSB_15_075726.trl;alunit
DSB_15_075728.trl;alweola
DSB_15_075729.trl;amaconka
DSB_15_075730.trl;amalgam
DSB_15_075731.trl;ambiente
DSB_15_075732.trl;ambiente
DSB_15_075735.trl;ambiwalenca
DSB_15_075736.trl;ambiwalentnosć
DSB_15_075737.trl;ambulanca
DSB_15_075738.trl;ambulantnje
DSB_15_075741.trl;amen
DSB_15_075743.trl;amfetamin
DSB_15_075746.trl;aminokisalina
DSB_15_076143.trl;amizantnje
DSB_15_076145.trl;amizement
DSB_15_076146.trl;amnezija
DSB_15_076149.trl;amplowy
DSB_15_076152.trl;amtojski
DSB_15_076153.trl;amtowanje
DSB_15_076154.trl;amtski
DSB_15_076157.trl;anabolny
DSB_15_076158.trl;analfabetka
DSB_15_076159.trl;analgetikum
DSB_15_076160.trl;analny
DSB_15_076161.trl;analogiski
DSB_15_076162.trl;analognje
DSB_15_076163.trl;analystka
DSB_15_076169.trl;anatomija
DSB_15_076172.trl;anekdota
DSB_15_076174.trl;anemija
DSB_15_076175.trl;anemona
DSB_15_076176.trl;anestezija
DSB_15_076179.trl;angina
DSB_15_076180.trl;anglikaniski
DSB_15_076185.trl;anglosakski
DSB_15_076186.trl;Anglosaksowka
DSB_15_076189.trl;animaliski
DSB_15_076193.trl;anomalija
DSB_15_076195.trl;anonymnje
DSB_15_076199.trl;anotacija
DSB_15_076202.trl;antagonizm
DSB_15_076203.trl;antibiotikum
DSB_15_076210.trl;antika
DSB_15_076211.trl;antikny
DSB_15_076212.trl;antikomunizm
DSB_15_076213.trl;antikoncepcionelny
DSB_15_076214.trl;antikoncepciski
DSB_15_076217.trl;antilopa
DSB_15_076219.trl;antipatija
DSB_15_076220.trl;antipoda
DSB_15_076221.trl;antisemit
DSB_15_076223.trl;antisemitizm
DSB_15_076224.trl;antiseptikum
DSB_15_076225.trl;antiseptiski
DSB_15_076226.trl;antistatiski
DSB_15_076229.trl;antiteza
DSB_15_076230.trl;antitoksin
DSB_15_076232.trl;antologija
DSB_15_076233.trl;antonym
DSB_15_076248.trl;apokopa
DSB_15_076258.trl;asimilacija
DSB_15_076260.trl;asistent
DSB_15_076269.trl;aspektologija
DSB_15_076270.trl;aspik
DSB_15_076271.trl;atašej
DSB_15_076273.trl;atawizm
DSB_15_076274.trl;ateist
DSB_15_076277.trl;ateljej
DSB_15_076278.trl;atematiski
DSB_15_076279.trl;atentat
DSB_15_076280.trl;atestacija
DSB_15_076281.trl;atitida
DSB_15_076282.trl;Atlantik
DSB_15_076286.trl;atletka
DSB_15_076287.trl;atol
DSB_15_076288.trl;atom
DSB_15_076297.trl;awokado
DSB_15_076299.trl;awtentiskosć
DSB_15_076300.trl;awtist
DSB_15_076304.trl;awtochtonosć
DSB_15_076305.trl;awtodidakt
DSB_15_076306.trl;awtodidaktiski
DSB_15_076307.trl;awtodidaktka
DSB_15_076308.trl;awtodidaktowka
DSB_15_076309.trl;awtogeny
DSB_15_076310.trl;awtomacija
DSB_15_076311.trl;awtomat
DSB_15_076312.trl;awtomatika
DSB_15_076313.trl;awtomatizacija
DSB_15_076316.trl;awtomobil
DSB_15_076317.trl;awtonomija
DSB_15_076318.trl;awtonomna
DSB_15_076319.trl;awtopsija
DSB_15_076324.trl;Aziatka
DSB_15_076326.trl;azylant
DSB_15_076327.trl;azylantka
DSB_15_076328.trl;ba
DSB_15_076330.trl;babyboom
DSB_15_076334.trl;bacchantka
DSB_15_076335.trl;bacilus
DSB_15_076338.trl;bagatela
DSB_15_076339.trl;bagatelizacija
DSB_15_076341.trl;balansa
DSB_15_076343.trl;Balaton
DSB_15_076344.trl;baldachin
DSB_15_076347.trl;Balta
DSB_15_076348.trl;Baltikum
DSB_15_076350.trl;banana
DSB_15_076352.trl;band
DSB_15_076353.trl;banda
DSB_15_076354.trl;bankomat
DSB_15_076357.trl;BASIC
DSB_15_076358.trl;basist
DSB_15_076360.trl;bataljon
DSB_15_076361.trl;batika
DSB_15_076362.trl;bastion
DSB_15_076363.trl;batist
DSB_15_076364.trl;baza
DSB_15_076365.trl;bazalt
DSB_15_076366.trl;bazaltojty
DSB_15_076367.trl;bazaltownja
DSB_15_076369.trl;Belize
DSB_15_076372.trl;bestija
DSB_15_076376.trl;beton
DSB_15_076381.trl;bilion
DSB_15_076383.trl;binom
DSB_15_076386.trl;bioaktiwny
DSB_15_076389.trl;biotop
DSB_15_076392.trl;Biskaja
DSB_15_076394.trl;biskwit
DSB_15_076395.trl;blamaža
DSB_15_076396.trl;blank
DSB_15_076397.trl;blanket
DSB_15_076398.trl;blanko
DSB_15_076399.trl;blasfemija
DSB_15_076400.trl;bleu
DSB_15_076402.trl;bohemist
DSB_15_076403.trl;bohemistika
DSB_15_076404.trl;bojkot
DSB_15_076405.trl;bokskalf
DSB_15_076407.trl;bomba
DSB_15_076408.trl;bombast
DSB_15_076410.trl;bonifikacija
DSB_15_076416.trl;bos
DSB_15_076417.trl;Botsuana
DSB_15_076420.trl;budget
DSB_15_076422.trl;butika
DSB_15_076423.trl;bypass
DSB_15_076425.trl;calypso
DSB_15_076426.trl;camp
DSB_15_076427.trl;canasta
DSB_15_076428.trl;cancan
DSB_15_076430.trl;celist
DSB_15_076431.trl;ceugma
DSB_15_076433.trl;chaotka
DSB_15_076434.trl;chemija
DSB_15_076435.trl;chemikalija
DSB_15_076437.trl;chianti
DSB_15_076438.trl;chiazm
DSB_15_076443.trl;chow-chow
DSB_15_076444.trl;cibet
DSB_15_076445.trl;cikada
DSB_15_076446.trl;cinemascope
DSB_15_076448.trl;collie
DSB_15_076449.trl;colt
DSB_15_076450.trl;combij
DSB_15_076451.trl;combo
DSB_15_076452.trl;comic
DSB_15_076453.trl;cona
DSB_15_076454.trl;conalny
DSB_15_076455.trl;consulting
DSB_15_076456.trl;cookie
DSB_15_076457.trl;cool
DSB_15_076458.trl;coolny
DSB_15_076459.trl;cuchinij
DSB_15_076460.trl;cyankali
DSB_15_076462.trl;cyklamny
DSB_15_076469.trl;cyklon
DSB_15_076470.trl;cyklona
DSB_15_076471.trl;cyklop
DSB_15_076472.trl;cyklopiski
DSB_15_076473.trl;cymbla
DSB_15_076474.trl;dalokotelefonat
DSB_15_076477.trl;datla
DSB_15_076478.trl;datum
DSB_15_076479.trl;Davispokal
DSB_15_076480.trl;debakel
DSB_15_076481.trl;debata
DSB_15_076482.trl;debit
DSB_15_076483.trl;debit
DSB_15_076485.trl;debitalbum
DSB_15_076486.trl;debitalbum
DSB_15_076487.trl;decenca
DSB_15_076488.trl;decenium
DSB_15_076489.trl;decentnje
DSB_15_076490.trl;decibel
DSB_15_076491.trl;decimala
DSB_15_076492.trl;decitona
DSB_15_076493.trl;dedikacija
DSB_15_076500.trl;defensiwa
DSB_15_076506.trl;defetizm
DSB_15_076507.trl;deficit
DSB_15_076508.trl;defilee
DSB_15_076509.trl;definicija
DSB_15_076511.trl;definitiwnje
DSB_15_076513.trl;definitiwny
DSB_15_076517.trl;deistiski
DSB_15_076518.trl;deizm
DSB_15_076523.trl;dekada
DSB_15_076524.trl;dekadenca
DSB_15_076525.trl;dekadentny
DSB_15_076526.trl;dekan
DSB_15_076527.trl;dekanat
DSB_15_076528.trl;deklinabelny
DSB_15_076529.trl;dekolleté
DSB_15_076530.trl;dekompensacija
DSB_15_076531.trl;dekontaminacija
DSB_15_076532.trl;delegacija
DSB_15_076533.trl;delegat
DSB_15_076534.trl;delegatka
DSB_15_076536.trl;delikatesa
DSB_15_076537.trl;delikatese
DSB_15_076539.trl;delinkwenca
DSB_15_076540.trl;delinkwent
DSB_15_076541.trl;delta
DSB_15_076542.trl;deltamuskel
DSB_15_076543.trl;dementi
DSB_15_076549.trl;denominatiwum
DSB_15_076550.trl;denotacija
DSB_15_076551.trl;denotat
DSB_15_076552.trl;dentalny
DSB_15_076553.trl;dentist
DSB_15_076554.trl;dentistka
DSB_15_076555.trl;denunciacija
DSB_15_076556.trl;denunciantka
DSB_15_076562.trl;deponija
DSB_15_076565.trl;deputat
DSB_15_076573.trl;dessous
DSB_15_076574.trl;destila
DSB_15_076579.trl;diakonat
DSB_15_076580.trl;dialekt
DSB_15_076582.trl;diaskop
DSB_15_076585.trl;dichotomija
DSB_15_076586.trl;dichtunga
DSB_15_076587.trl;didaktika
DSB_15_076588.trl;didaktiski
DSB_15_076590.trl;difuzija
DSB_15_076591.trl;digitalizacija
DSB_15_076592.trl;digitalnje
DSB_15_076594.trl;diktat
DSB_15_076600.trl;diletantojstwo
DSB_15_076602.trl;diluwium
DSB_15_076604.trl;diminutiwny
DSB_15_076607.trl;dinkel
DSB_15_076609.trl;dioksinowaty
DSB_15_076611.trl;dip
DSB_15_076612.trl;diplom
DSB_15_076613.trl;diplomandka
DSB_15_076614.trl;diplomatija
DSB_15_076615.trl;diplomatiski
DSB_15_076616.trl;diplomatka
DSB_15_077039.trl;dipol
DSB_15_077043.trl;disciplina
DSB_15_077044.trl;discjockey
DSB_15_077045.trl;disidentka
DSB_15_077046.trl;disjunktiwny
DSB_15_077049.trl;disjunktny
DSB_15_077050.trl;diskant
DSB_15_077051.trl;disketa
DSB_15_077053.trl;diskont
DSB_15_077055.trl;diskoteka
DSB_15_077063.trl;dispens
DSB_15_077064.trl;dispensacija
DSB_15_077065.trl;disponent
DSB_15_077067.trl;disponentka
DSB_15_077068.trl;disponibelnosć
DSB_15_077069.trl;disput
DSB_15_077071.trl;distinkcija
DSB_15_077073.trl;distanca
DSB_15_077074.trl;distinktiwnje
DSB_15_077075.trl;distinktiwny
DSB_15_077080.trl;dizel
DSB_15_077081.trl;DNA-test
DSB_15_077082.trl;dogma
DSB_15_077083.trl;dogmatika
DSB_15_077085.trl;domena
DSB_15_077086.trl;dominanta
DSB_15_077087.trl;dualita
DSB_15_077088.trl;duktus
DSB_15_077089.trl;dummy
DSB_15_077090.trl;duplikat
DSB_15_077091.trl;dut
DSB_15_077095.trl;edikt
DSB_15_077100.trl;eko
DSB_15_077102.trl;eksitus
DSB_15_077103.trl;eksot
DSB_15_077104.trl;eksotika
DSB_15_077106.trl;eksponent
DSB_15_077110.trl;elipsa
DSB_15_077111.trl;elita
DSB_15_077112.trl;e-mail
DSB_15_077113.trl;encyklopedistka
DSB_15_077115.trl;enklitikon
DSB_15_077116.trl;enklitiski
DSB_15_077117.trl;entuziast
DSB_15_077120.trl;episki
DSB_15_077124.trl;epistla
DSB_15_077125.trl;epiteton
DSB_15_077127.trl;epocha
DSB_15_077128.trl;epoleta
DSB_15_077129.trl;Eskimo
DSB_15_077130.trl;esplanada
DSB_15_077131.trl;Est
DSB_15_077134.trl;etan
DSB_15_077135.trl;etapa
DSB_15_077136.trl;etida
DSB_15_077137.trl;etika
DSB_15_077138.trl;etiket
DSB_15_077139.trl;etiketa
DSB_15_077140.trl;etnikum
DSB_15_077141.trl;eukalyptus
DSB_15_077142.trl;EU-komisija
DSB_15_077143.trl;EU-politika
DSB_15_077144.trl;eutanazija
DSB_15_077145.trl;ewakuacija
DSB_15_077146.trl;ewaluacija
DSB_15_077147.trl;ewangelij
DSB_15_077148.trl;ewangelist
DSB_15_077149.trl;ewangelium
DSB_15_077150.trl;ewangelski
DSB_15_077152.trl;ewidenca
DSB_15_077153.trl;ewolucija
DSB_15_077156.trl;fachowy
DSB_15_077158.trl;faktotum
DSB_15_077160.trl;fakulta
DSB_15_077163.trl;falcojski
DSB_15_077166.trl;familija
DSB_15_077167.trl;fango
DSB_15_077168.trl;fanklub
DSB_15_077169.trl;fanshop
DSB_15_077170.trl;fantast
DSB_15_077171.trl;fantastika
DSB_15_077172.trl;fantom
DSB_15_077174.trl;fatalistka
DSB_15_077176.trl;fatalnje
DSB_15_077177.trl;fatalita
DSB_15_077178.trl;fatalnosć
DSB_15_077179.trl;fatalny
DSB_15_077180.trl;FCKW
DSB_15_077181.trl;FDP
DSB_15_077182.trl;feedback
DSB_15_077183.trl;fejeton
DSB_15_077184.trl;fejetonist
DSB_15_077186.trl;femininum
DSB_15_077187.trl;femininy
DSB_15_077189.trl;fenologija
DSB_15_077190.trl;festiwal
DSB_15_077191.trl;feta
DSB_15_077192.trl;fetus
DSB_15_077194.trl;feudalnica
DSB_15_077197.trl;feudalstat
DSB_15_077209.trl;Filipiny
DSB_15_077210.trl;film
DSB_15_077213.trl;filologija
DSB_15_077214.trl;filozofija
DSB_15_077216.trl;finalist
DSB_15_077217.trl;finalistka
DSB_15_077218.trl;financa
DSB_15_077219.trl;finance
DSB_15_077220.trl;fit
DSB_15_077221.trl;fitnesstudijo
DSB_15_077222.trl;flamenco
DSB_15_077223.trl;flamingo
DSB_15_077224.trl;flawta
DSB_15_077225.trl;flejta
DSB_15_077226.trl;flejtist
DSB_15_077227.trl;flejtistka
DSB_15_077228.trl;fleksibelnosć
DSB_15_077229.trl;flikflak
DSB_15_077230.trl;flinta
DSB_15_077231.trl;flisa
DSB_15_077232.trl;flop
DSB_15_077233.trl;flota
DSB_15_077238.trl;flotilja
DSB_15_077242.trl;fluidum
DSB_15_077245.trl;fluktuacija
DSB_15_077248.trl;foliant
DSB_15_077251.trl;fon
DSB_15_077253.trl;fond
DSB_15_077255.trl;fondue
DSB_15_077256.trl;fonem
DSB_15_077262.trl;fonolog
DSB_15_077263.trl;fonologa
DSB_15_077264.trl;fonologija
DSB_15_077265.trl;fonoteka
DSB_15_077267.trl;fontanela
DSB_15_077268.trl;fontejny
DSB_15_077269.trl;football
DSB_15_077270.trl;fosfatowaty
DSB_15_077272.trl;fotoateljej
DSB_15_077274.trl;fotofiniš
DSB_15_077275.trl;fotofinish
DSB_15_077277.trl;fotomodel
DSB_15_077279.trl;fuj
DSB_15_077280.trl;fundamentalist
DSB_15_077282.trl;fuzija
DSB_15_077284.trl;fyzikum
DSB_15_077286.trl;fyziologija
DSB_15_077287.trl;gala
DSB_15_077288.trl;galaksis
DSB_15_077291.trl;galium
DSB_15_077293.trl;gameshow
DSB_15_077294.trl;gang
DSB_15_077295.trl;geko
DSB_15_077296.trl;geneza
DSB_15_077299.trl;genitiw
DSB_15_077300.trl;genmanipulacija
DSB_15_077302.trl;gentleman
DSB_15_077303.trl;geodet
DSB_15_077304.trl;geodetka
DSB_15_077305.trl;geolog
DSB_15_077306.trl;gestapo
DSB_15_077308.trl;gigolo
DSB_15_077309.trl;ginkgo
DSB_15_077310.trl;gis
DSB_15_077314.trl;glykol
DSB_15_077317.trl;gnostika
DSB_15_077318.trl;gnu
DSB_15_077319.trl;golf
DSB_15_077320.trl;Goliat
DSB_15_077323.trl;gulag
DSB_15_077326.trl;habilitand
DSB_15_077327.trl;habilitandka
DSB_15_077328.trl;halali
DSB_15_077329.trl;halibut
DSB_15_077332.trl;handikap
DSB_15_077333.trl;Hansa
DSB_15_077334.trl;hanseatiski
DSB_15_077337.trl;hantwal
DSB_15_077342.trl;hegemonija
DSB_15_077343.trl;hejtman
DSB_15_077344.trl;hektika
DSB_15_077346.trl;hematologija
DSB_15_077347.trl;hematom
DSB_15_077349.trl;hepatitis
DSB_15_077350.trl;hi
DSB_15_077352.trl;hibiskus
DSB_15_077356.trl;hinduizm
DSB_15_077358.trl;hispanist
DSB_15_077360.trl;hispanistika
DSB_15_077361.trl;hispanistka
DSB_15_077362.trl;hit
DSB_15_077364.trl;hokuspokus
DSB_15_077366.trl;holocen
DSB_15_077367.trl;homebanking
DSB_15_077368.trl;homeopat
DSB_15_077369.trl;homeopatija
DSB_15_077370.trl;homeopatiski
DSB_15_077371.trl;homepage
DSB_15_077372.trl;hommage
DSB_15_077373.trl;hooligan
DSB_15_077374.trl;hophop
DSB_15_077375.trl;hopla
DSB_15_077376.trl;hops!
DSB_15_077377.trl;hospital
DSB_15_077378.trl;hostesa
DSB_15_077379.trl;hotel
DSB_15_077380.trl;hotelboy
DSB_15_077381.trl;humanbiologija
DSB_15_077382.trl;humangenetika
DSB_15_077385.trl;humanistka
DSB_15_077386.trl;humanita
DSB_15_077388.trl;humanmedicina
DSB_15_077389.trl;humozny
DSB_15_077392.trl;hupa
DSB_15_077394.trl;hyacinta
DSB_15_077399.trl;hypnoza
DSB_15_077400.trl;hypotaktiski
DSB_15_077401.trl;hypoteka
DSB_15_077402.trl;hypotenuza
DSB_15_077404.trl;hypoteza
DSB_15_077405.trl;hypotonija
DSB_15_077406.trl;ibis
DSB_15_077407.trl;ideal
DSB_15_077408.trl;idejka
DSB_15_077409.trl;identita
DSB_15_077410.trl;ideolekt
DSB_15_077411.trl;ideologija
DSB_15_077412.trl;idiom
DSB_15_077415.trl;idol
DSB_15_077416.trl;idyl
DSB_15_077417.trl;idylka
DSB_15_077418.trl;ikona
DSB_15_077419.trl;ikonostas
DSB_15_077420.trl;ilegalita
DSB_15_077423.trl;iluzija
DSB_15_077424.trl;imanenca
DSB_15_077425.trl;imanentnje
DSB_15_077426.trl;imanentny
DSB_15_077427.trl;imbis
DSB_15_077428.trl;imisija
DSB_15_077429.trl;imitacija
DSB_15_077430.trl;imitat
DSB_15_077432.trl;impetus
DSB_15_077440.trl;imuny
DSB_15_077441.trl;incest
DSB_15_077442.trl;indigo
DSB_15_077445.trl;indikacija
DSB_15_077446.trl;indiskutabelny
DSB_15_077447.trl;indiwidualist
DSB_15_077449.trl;indiwiduum
DSB_15_077450.trl;indolenca
DSB_15_077451.trl;indologija
DSB_15_077454.trl;ineficienca
DSB_15_077455.trl;infekcija
DSB_15_077457.trl;infoteka
DSB_15_077458.trl;inhumanita
DSB_15_077459.trl;iniciacija
DSB_15_077460.trl;imunita
DSB_15_077461.trl;inicializacija
DSB_15_077462.trl;Inka
DSB_15_077463.trl;inkonsekwenca
DSB_15_077464.trl;inkonsistenca
DSB_15_077465.trl;inlay
DSB_15_077467.trl;Inn
DSB_15_077468.trl;insinuacija
DSB_15_077472.trl;institucionalizacija
DSB_15_077473.trl;institut
DSB_15_077474.trl;insuficienca
DSB_15_077475.trl;intaktnje
DSB_15_077476.trl;intaktnosć
DSB_15_077477.trl;intaktny
DSB_15_077482.trl;intuicija
DSB_15_077483.trl;intuitiwnje
DSB_15_077484.trl;inwalidowka
DSB_15_077488.trl;izoglosa
DSB_15_077490.trl;izotop
DSB_15_077493.trl;ja
DSB_15_077494.trl;jambus
DSB_15_077495.trl;Janktse
DSB_15_077496.trl;Jemen
DSB_15_077497.trl;Jemenit
DSB_15_077498.trl;jezuit
DSB_15_077501.trl;joga
DSB_15_077502.trl;jojo-efekt
DSB_15_077503.trl;jolla
DSB_15_077504.trl;jubilej
DSB_15_077505.trl;jubileum
DSB_15_077507.trl;judo
DSB_15_077508.trl;juks
DSB_15_077509.trl;junkie
DSB_15_077511.trl;junktim
DSB_15_077512.trl;junta
DSB_15_077513.trl;justica
DSB_15_077514.trl;juta
DSB_15_077515.trl;juwel
DSB_15_077516.trl;kaaba
DSB_15_077520.trl;kabeja
DSB_15_077523.trl;kabina
DSB_15_077524.trl;kabinet
DSB_15_077525.trl;kabuf
DSB_15_077526.trl;kabuki
DSB_15_077527.trl;kadmium
DSB_15_077529.trl;kaftan
DSB_15_077530.trl;kakadu
DSB_15_077531.trl;kaktus
DSB_15_077532.trl;kalcit
DSB_15_077533.trl;kalcium
DSB_15_077534.trl;kalebasa
DSB_15_077535.trl;kaleidoskop
DSB_15_077536.trl;kalif
DSB_15_077537.trl;kalisol
DSB_15_077538.trl;kalk
DSB_15_077540.trl;kambium
DSB_15_077541.trl;kameja
DSB_15_077542.trl;kamel
DSB_15_077543.trl;Kanada
DSB_15_077545.trl;kantata
DSB_15_077549.trl;kanut
DSB_15_077550.trl;kap
DSB_15_077551.trl;kapital
DSB_15_077556.trl;kasta
DSB_15_077557.trl;katapult
DSB_15_077559.trl;Kfz
DSB_15_077561.trl;kliff
DSB_15_077566.trl;kolega
DSB_15_128332.trl;asketiski
DSB_15_128346.trl;klucowc
DSB_15_128349.trl;desiluzija
DSB_15_128359.trl;ekspansiwita
DSB_15_128371.trl;šanson
DSB_15_128378.trl;animozita
DSB_15_128384.trl;benefic
DSB_15_128395.trl;diskwalifikacija
DSB_15_128396.trl;ametyst
DSB_15_128403.trl;antimon
DSB_15_128412.trl;Šenkojce
DSB_15_128440.trl;Galilejska
DSB_15_128446.trl;Bukowka
DSB_15_128463.trl;inkompetentny
DSB_15_128474.trl;bikini
DSB_15_128488.trl;kawcion
DSB_15_128516.trl;agitacija
DSB_15_128517.trl;klimaks
DSB_15_128522.trl;indukcija
DSB_15_128524.trl;klaknjenje
DSB_15_128530.trl;synaptiski
DSB_15_128535.trl;synonym
DSB_15_128550.trl;apsis
DSB_15_128551.trl;byzan
