DSB_17_027651.trl;tucnica
DSB_17_027659.trl;nuncius
DSB_17_027660.trl;tsatsiki
DSB_17_027675.trl;moslemiski
DSB_17_027677.trl;pepitasukno
DSB_17_027683.trl;brjuch
DSB_17_027706.trl;klatśkotaś
DSB_17_027736.trl;jadnonogaty
DSB_17_029048.trl;narcis
DSB_17_029052.trl;nacerjony
DSB_17_029059.trl;Paraguay
DSB_17_029067.trl;paradoksny
DSB_17_029077.trl;parlament
DSB_17_029078.trl;monarch
DSB_17_029082.trl;nasraś
DSB_17_029083.trl;murojski
DSB_17_029097.trl;niwelěrowaś
DSB_17_029115.trl;naměraty
DSB_17_029119.trl;naturel
DSB_17_029120.trl;Morska
DSB_17_029136.trl;mysterium
DSB_17_029144.trl;normatiwnje
DSB_17_029151.trl;mrocenje
DSB_17_029152.trl;multilateralizm
DSB_17_029153.trl;monarchiski
DSB_17_029157.trl;ortopediski
DSB_17_029160.trl;orgastiski
DSB_17_029166.trl;mudrowc
DSB_17_029169.trl;neutron
DSB_17_029170.trl;turist
DSB_17_029179.trl;njeatraktiwnje
DSB_17_029180.trl;nakrajny
DSB_17_029199.trl;njeimpregněrowany
DSB_17_029210.trl;nabruny
DSB_17_029221.trl;neuroza
DSB_17_029224.trl;paraguayski
DSB_17_029225.trl;njeproblematiski
DSB_17_029226.trl;oligarchiski
DSB_17_029238.trl;pastorala
DSB_17_029240.trl;njeraźony
DSB_17_029251.trl;njeropkujucy
DSB_17_029253.trl;njegraś
DSB_17_029259.trl;morena
DSB_17_029260.trl;naturalist
DSB_17_029268.trl;trottoir
DSB_17_029274.trl;namrocny
DSB_17_029276.trl;trumpeta
DSB_17_029279.trl;paraboliski
DSB_17_029293.trl;outsourcing
DSB_17_029295.trl;originelnje
DSB_17_029299.trl;nordiski
DSB_17_029300.trl;motoriski
DSB_17_029304.trl;turistika
DSB_17_029313.trl;mura
DSB_17_029320.trl;monografiski
DSB_17_029322.trl;naturalizacija
DSB_17_029325.trl;montura
DSB_17_029326.trl;njeproduktiwny
DSB_17_029329.trl;Nofuture-generacija
DSB_17_029331.trl;moralnje
DSB_17_029337.trl;organizator
DSB_17_029346.trl;neutrum
DSB_17_029347.trl;notarielnje
DSB_17_029363.trl;njeraźi
DSB_17_029366.trl;našmadrjenje
DSB_17_029371.trl;paramilitarny
DSB_17_029378.trl;paranoja
DSB_17_029380.trl;pekinezarik
DSB_17_029391.trl;onaněrowaś
DSB_17_029401.trl;nowember
DSB_17_029402.trl;Mur
DSB_17_029404.trl;oportunist
DSB_17_029405.trl;nabricaś
DSB_17_029408.trl;njeproduktiwnje
DSB_17_029410.trl;nerw
DSB_17_029422.trl;monokularny
DSB_17_029427.trl;neutralnje
DSB_17_029428.trl;urologija
DSB_17_029432.trl;nariś
DSB_17_029434.trl;organistka
DSB_17_029435.trl;parketowaś
DSB_17_029437.trl;njesromaty
DSB_17_029439.trl;Paprotna
DSB_17_029446.trl;njeprofesionelny
DSB_17_029448.trl;nakremowaś
DSB_17_029455.trl;Nordrhein-Westfalska
DSB_17_029464.trl;nablaraś
DSB_17_033906.trl;nadra
DSB_17_033907.trl;Uruguay
DSB_17_033913.trl;paparazzije
DSB_17_033916.trl;njenurjecy
DSB_17_033922.trl;zelrij
DSB_17_033927.trl;njej-
DSB_17_033928.trl;helski
DSB_17_033930.trl;myś
DSB_17_033932.trl;NASA
DSB_17_033933.trl;wuzukowaś
DSB_17_033949.trl;njeknicomnosć
DSB_17_033950.trl;nudist
DSB_17_033951.trl;pawsowaś
DSB_17_033952.trl;Zglic
DSB_17_033966.trl;njedawno
DSB_17_033970.trl;moskito
DSB_17_033971.trl;noticka
DSB_17_033978.trl;zawcasny
DSB_17_033979.trl;palestinensiski
DSB_17_033980.trl;onyks
DSB_17_033982.trl;něto
DSB_17_033985.trl;mongolski
DSB_17_033986.trl;njezdaś se
DSB_17_033991.trl;zazyglowaś
DSB_17_033993.trl;nettowaga
DSB_17_034005.trl;penis
DSB_17_034011.trl;zawidny
DSB_17_034016.trl;typ
DSB_17_034023.trl;srěbak
DSB_17_034025.trl;trjeba
DSB_17_034028.trl;fararnja
DSB_17_034029.trl;grab
DSB_17_034030.trl;krawata
DSB_17_034037.trl;sprocniwje
DSB_17_034038.trl;starcownja
DSB_17_034043.trl;běrow
DSB_17_034047.trl;dobrotnosć
DSB_17_034048.trl;dokradnosć
DSB_17_034052.trl;drěcownja
DSB_17_034053.trl;drěmak
DSB_17_034056.trl;fryjny
DSB_17_034059.trl;izolěrowanje
DSB_17_034062.trl;njerozsudny
DSB_17_034063.trl;njerozsuźony
DSB_17_034064.trl;wobrězk
DSB_17_034066.trl;zarěz
DSB_17_034072.trl;kradosć
DSB_17_034077.trl;kurjawkojty
DSB_17_034087.trl;měrniwosć
DSB_17_034088.trl;moderny
DSB_17_034094.trl;narskosć
DSB_17_034095.trl;nastwark
DSB_17_034099.trl;nimjernje
DSB_17_034100.trl;njediscipliněrowanosć
DSB_17_034103.trl;njewurownanosć
DSB_17_034106.trl;normalny
DSB_17_034109.trl;pokornosć
DSB_17_034164.trl;łos
DSB_17_034167.trl;luź
DSB_17_034170.trl;naglědanje
DSB_17_034172.trl;nastawanje
DSB_17_034181.trl;pólewanje
DSB_17_034218.trl;wótsypk
DSB_17_034219.trl;wótsypki
DSB_17_034220.trl;wótsypowak
DSB_17_034260.trl;górcosć
DSB_17_034261.trl;górcota
DSB_17_034262.trl;górcycka
DSB_17_034276.trl;motorizacija
DSB_17_034281.trl;multikulturelny
DSB_17_034287.trl;nagrabowaś
DSB_17_034288.trl;namarznjone
DSB_17_034291.trl;narownje
DSB_17_034292.trl;našery
DSB_17_034297.trl;neuralgija
DSB_17_034307.trl;njerady
DSB_17_034315.trl;norma
DSB_17_034320.trl;originarny
DSB_17_034325.trl;parabla
DSB_17_034327.trl;paralelogram
DSB_17_034328.trl;paralytiski
DSB_17_034334.trl;parodist
DSB_17_034337.trl;troposfera
DSB_17_034338.trl;turbina
DSB_17_034342.trl;uruguayski
DSB_17_039368.trl;charakteristikum
DSB_17_039374.trl;epikurejski
DSB_17_039376.trl;membrana
DSB_17_039389.trl;reakcionarny
DSB_17_039398.trl;lemur
DSB_17_039403.trl;represija
DSB_17_039410.trl;imaginarnosć
DSB_17_039414.trl;biografiski
DSB_17_039415.trl;Batramuš
DSB_17_039418.trl;diametralny
DSB_17_039422.trl;tornister
DSB_17_039429.trl;Mitropa
DSB_17_039431.trl;bara
DSB_17_039432.trl;deriwacija
DSB_17_039436.trl;hydrodynamiski
DSB_17_039441.trl;sferiski
DSB_17_039444.trl;skript
DSB_17_039445.trl;rekonwalescentka
DSB_17_039448.trl;kardinalny
DSB_17_039449.trl;maršal
DSB_17_039457.trl;eucharistija
DSB_17_039462.trl;radej
DSB_17_039487.trl;karamel
DSB_17_039489.trl;samodrugosć
DSB_17_039491.trl;direktorium
DSB_17_039492.trl;manisko-depresiwny
DSB_17_039501.trl;mikrožwałnik
DSB_17_039503.trl;Mazury
DSB_17_039506.trl;zagjar
DSB_17_039513.trl;rema
DSB_17_039518.trl;raketa
DSB_17_039522.trl;cerkwinski
DSB_17_039523.trl;realije
DSB_17_039526.trl;recitatiw
DSB_17_039527.trl;renekloda
DSB_17_039529.trl;charleston
DSB_17_039543.trl;maler
DSB_17_039545.trl;miliampere
DSB_17_039546.trl;škrjokownica
DSB_17_039548.trl;miliardnina
DSB_17_039551.trl;semdroga
DSB_17_039553.trl;Radom
DSB_17_039556.trl;reminiscenca
DSB_17_039570.trl;baribal
DSB_17_039574.trl;karnewalski
DSB_17_039577.trl;gjardosny
DSB_17_039582.trl;towarišnostnopolitiski
DSB_17_039583.trl;seržant
DSB_17_039588.trl;karnewalist
DSB_17_039592.trl;marnje
DSB_17_039616.trl;Skjarbošc
DSB_17_039621.trl;sedymrazowy
DSB_17_039627.trl;eremit
DSB_17_039628.trl;tarif
DSB_17_039634.trl;iluzionarny
DSB_17_039637.trl;mezzosopran
DSB_17_039638.trl;kaligraf
DSB_17_039642.trl;litografiski
DSB_17_039650.trl;smarcanje
DSB_17_039655.trl;regule
DSB_17_039667.trl;hurrikan
DSB_17_039682.trl;rekonwalescentny
DSB_17_039683.trl;personalije
DSB_17_039699.trl;ester
DSB_17_039703.trl;region
DSB_17_039706.trl;hort
DSB_17_039710.trl;libero
DSB_17_039717.trl;Madagaskar
DSB_17_039718.trl;bardama
DSB_17_039721.trl;B-dur
DSB_17_039727.trl;ignorant
DSB_17_039728.trl;słuchowobraz
DSB_17_039741.trl;rasistiski
DSB_17_041507.trl;regiment
DSB_17_041510.trl;werbalny
DSB_17_041514.trl;reptil
DSB_17_041515.trl;estragon
DSB_17_041523.trl;radiografija
DSB_17_041524.trl;perfekcionist
DSB_17_041530.trl;kardamon
DSB_17_041533.trl;difterija
DSB_17_041539.trl;marona
DSB_17_041543.trl;hypochondriski
DSB_17_041552.trl;didaktikarka
DSB_17_041559.trl;matrona
DSB_17_041562.trl;hydrolyza
DSB_17_041574.trl;radosćiwosć
DSB_17_041582.trl;detoněrowaś
DSB_17_041583.trl;retušer
DSB_17_041589.trl;škret
DSB_17_041592.trl;chryzantema
DSB_17_041594.trl;marxizm
DSB_17_041606.trl;Mars
DSB_17_041610.trl;rewizor
DSB_17_041613.trl;reklama
DSB_17_041616.trl;mazeraty
DSB_17_041622.trl;leopard
DSB_17_041624.trl;denuklearizacija
DSB_17_041642.trl;refrakcija
DSB_17_041645.trl;minicomputer
DSB_17_041650.trl;etnografka
DSB_17_041652.trl;sekundarny
DSB_17_041653.trl;demograf
DSB_17_041657.trl;metalurgija
DSB_17_041658.trl;radioaktiwnje
DSB_17_041661.trl;reuma
DSB_17_041671.trl;desperatny
DSB_17_041674.trl;pisnorěcny
DSB_17_041675.trl;cigara
DSB_17_041677.trl;liker
DSB_17_041678.trl;chrop
DSB_17_041679.trl;zafiksowaś
DSB_17_041680.trl;sanskrit
DSB_17_041688.trl;laserowaś
DSB_17_041689.trl;scuzbniś
DSB_17_041691.trl;běžnosć
DSB_17_041692.trl;šćerbok
DSB_17_041701.trl;chlorit
DSB_17_041703.trl;Birma
DSB_17_041704.trl;sarnawa
DSB_17_041707.trl;realnosć
DSB_17_041708.trl;hypnotizerka
DSB_17_041714.trl;senatoriski
DSB_17_041723.trl;hotelier
DSB_17_041728.trl;makrela
DSB_17_041733.trl;karawana
DSB_17_041735.trl;rewerend
DSB_17_041736.trl;periferija
DSB_17_041740.trl;impresum
DSB_17_041753.trl;Brazilska
DSB_17_041756.trl;linearny
DSB_17_041762.trl;Zabrod
DSB_17_041763.trl;reichswehr
DSB_17_041764.trl;zagórjujucy se
DSB_17_041765.trl;škrjakotanje
DSB_17_041770.trl;serologiski
DSB_17_041777.trl;merkantilizm
DSB_17_041795.trl;militarnotechniski
DSB_17_041807.trl;gjartnarnja
DSB_17_041814.trl;rabiatnje
DSB_17_041815.trl;lacaret
DSB_17_041818.trl;tirkis
DSB_17_041827.trl;šćercak
DSB_17_041838.trl;sfera
DSB_17_041840.trl;taksišoferka
DSB_17_041843.trl;indiferentnje
DSB_17_041844.trl;dinner
DSB_17_041850.trl;lateral
DSB_17_041855.trl;rabulist
DSB_17_041871.trl;banderola
DSB_17_041872.trl;last-minute-drogowanje
DSB_17_041876.trl;cerwjenožaglecy
DSB_17_041877.trl;pizzerija
DSB_17_041878.trl;majran
DSB_17_041882.trl;ergo
DSB_17_041888.trl;larifari
DSB_17_041899.trl;sauciera
DSB_17_041919.trl;bibliograf
DSB_17_041920.trl;milibar
DSB_17_041923.trl;leksikografka
DSB_17_041929.trl;škricka
DSB_17_041944.trl;safranowy
DSB_17_041946.trl;mirabela
DSB_17_041951.trl;karmin
DSB_17_041952.trl;jadnorogac
DSB_17_041958.trl;mejstrowanje
DSB_17_041964.trl;justintime-produkcija
DSB_17_041968.trl;pergola
DSB_17_041973.trl;bórbus
DSB_17_047772.trl;wóttłuc
DSB_17_047781.trl;njegraś
DSB_17_047784.trl;motorroler
DSB_17_047793.trl;plankwadrat
DSB_17_047806.trl;bankrotny
DSB_17_047809.trl;tyšarstwo
DSB_17_047813.trl;njepopularnje
DSB_17_047832.trl;tackerowaś
DSB_17_047835.trl;komunikej
DSB_17_047843.trl;chlorid
DSB_17_047854.trl;rabiatnje
DSB_17_047861.trl;nektarina
DSB_17_047865.trl;dezerterka
DSB_17_047871.trl;nadreagěrowaś
DSB_17_047882.trl;njemoralny
DSB_17_054927.trl;spartaniski
DSB_17_054930.trl;Rogeński
DSB_17_054936.trl;mjazygra
DSB_17_054941.trl;bibliotekariski
DSB_17_054951.trl;blaran
DSB_17_054952.trl;eremitojski
DSB_17_054956.trl;katarakt
DSB_17_054961.trl;Krishna
DSB_17_054962.trl;protekcija
DSB_17_054965.trl;cremebarwny
DSB_17_054966.trl;konspiracija
DSB_17_054968.trl;ricom
DSB_17_054969.trl;strategija
DSB_17_054974.trl;synchrony
DSB_17_054976.trl;šparink
DSB_17_054978.trl;romanca
DSB_17_054980.trl;šwarcecy
DSB_17_054989.trl;wótstarkowaś
DSB_17_055008.trl;rigoroznje
DSB_17_055015.trl;pomfrytki
DSB_17_055025.trl;sonornosć
DSB_17_055033.trl;starogrjekšćina
DSB_17_055035.trl;intramuskularny
DSB_17_055038.trl;bravissimo
DSB_17_055040.trl;storaki
DSB_17_055046.trl;Krajnski
DSB_17_055050.trl;rozbijanje
DSB_17_055052.trl;romanistka
DSB_17_055056.trl;socialdemokratka
DSB_17_055057.trl;pśirucowaś
DSB_17_055058.trl;rystunga
DSB_17_055079.trl;dioptrija
DSB_17_055088.trl;sebješćit
DSB_17_055094.trl;strusk
DSB_17_055103.trl;konkretum
DSB_17_055105.trl;Bretona
DSB_17_055107.trl;demokratka
DSB_17_055108.trl;bronidłarnja
DSB_17_055112.trl;rezeda
DSB_17_055115.trl;promotor
DSB_17_055118.trl;mizerabelnje
DSB_17_055122.trl;skurilnosć
DSB_17_055123.trl;referendariat
DSB_17_055128.trl;storazowy
DSB_17_055131.trl;rožowc
DSB_17_055136.trl;rozmysliś se
DSB_17_055137.trl;šokoladobarwny
DSB_17_055138.trl;jurist
DSB_17_055140.trl;pśekorny
DSB_17_055142.trl;spektakularny
DSB_17_055156.trl;master
DSB_17_055164.trl;proeuropski
DSB_17_055169.trl;magistrat
DSB_17_055174.trl;bottleparty
DSB_17_055175.trl;bottleparty
DSB_17_055177.trl;rubjažnica
DSB_17_055182.trl;zaderkowaś
DSB_17_055186.trl;separacion
DSB_17_055188.trl;indogermanist
DSB_17_055194.trl;smaragd
DSB_17_055196.trl;pśewarstowaś
DSB_17_055203.trl;sorabistka
DSB_17_055205.trl;stražniwosć
DSB_17_055214.trl;bryzgawa
DSB_17_055216.trl;materialist
DSB_17_055218.trl;mamografija
DSB_17_055220.trl;inwersny
DSB_17_055223.trl;priwatny
DSB_17_055225.trl;prochnjeły
DSB_17_055227.trl;drastiski
DSB_17_055228.trl;šorca
DSB_17_055230.trl;profundny
DSB_17_055231.trl;mjazynarodnje
DSB_17_055241.trl;pleinair
DSB_17_055244.trl;sromatosć
DSB_17_055245.trl;šwigermama
DSB_17_055248.trl;skrofulozny
DSB_17_055255.trl;kinoreklama
DSB_17_055263.trl;powerowaś
DSB_17_055270.trl;regeneracija
DSB_17_055271.trl;iracionalny
DSB_17_055272.trl;šurowanje
DSB_17_055273.trl;kryptogram
DSB_17_055274.trl;pśedrogujucy
DSB_17_055276.trl;jerjeb
DSB_17_055285.trl;popstar
DSB_17_055290.trl;prošyś se
DSB_17_055291.trl;militarny
DSB_17_055292.trl;chansonier
DSB_17_055295.trl;krawlowaś
DSB_17_055299.trl;brjakaś
DSB_17_055300.trl;iracionalistiski
DSB_17_055301.trl;romantika
DSB_17_055307.trl;pśeryw
DSB_17_055308.trl;compiler
DSB_17_055311.trl;sromaty
DSB_17_055315.trl;rick
DSB_17_055316.trl;romboid
DSB_17_055319.trl;wobrywaś
DSB_17_055325.trl;skrotcony
DSB_17_055332.trl;karmezin
DSB_17_055336.trl;rondel
DSB_17_055344.trl;konsulariski
DSB_17_058819.trl;kružowaty
DSB_17_058830.trl;knybritosć
DSB_17_058831.trl;sparny
DSB_17_058836.trl;šariś
DSB_17_058837.trl;šćerkac
DSB_17_058838.trl;girafa
DSB_17_058839.trl;krocket
DSB_17_058846.trl;pśeskjaržba
DSB_17_058857.trl;šwadruna
DSB_17_058858.trl;prach
DSB_17_058870.trl;profiklub
DSB_17_058871.trl;kordla
DSB_17_058872.trl;rozłocyś
DSB_17_058877.trl;Storkow
DSB_17_058879.trl;rozmagaś se
DSB_17_058880.trl;šerko
DSB_17_058889.trl;corajšnik
DSB_17_058894.trl;Praga
DSB_17_058903.trl;pśirownosć
DSB_17_058915.trl;rusojski
DSB_17_058918.trl;cołnarnja
DSB_17_058922.trl;sporadiski
DSB_17_058927.trl;srokoš
DSB_17_058929.trl;cukorina
DSB_17_058931.trl;cholera
DSB_17_058936.trl;kreklowaś
DSB_17_058944.trl;Krynica
DSB_17_058946.trl;blarnuś
DSB_17_058954.trl;kurjawojty
DSB_17_058960.trl;rowk
DSB_17_058962.trl;pudrowy
DSB_17_058965.trl;syrikowy
DSB_17_058966.trl;brudny
DSB_17_058970.trl;dražej
DSB_17_058973.trl;perfidija
DSB_17_058976.trl;roznjasć se
DSB_17_058989.trl;duchtarik
DSB_17_058992.trl;smarclo
DSB_17_059001.trl;pśeradny
DSB_17_059002.trl;doktorand
DSB_17_059016.trl;ruprajcht
DSB_17_059021.trl;rošada
DSB_17_059032.trl;premija
DSB_17_059038.trl;špurtowaś
DSB_17_059039.trl;pśejgraś se
DSB_17_059041.trl;rostlinski
DSB_17_059047.trl;sukarik
DSB_17_059055.trl;proch
DSB_17_059057.trl;praforma
DSB_17_059060.trl;cyklotron
DSB_17_059072.trl;crjopk
DSB_17_059081.trl;crjopy
DSB_17_059085.trl;šorcaty
DSB_17_059089.trl;sarnick
DSB_17_059090.trl;metro
DSB_17_059091.trl;ronina
DSB_17_059115.trl;korelat
DSB_17_059116.trl;cynerarija
DSB_17_059118.trl;priel
DSB_17_059125.trl;prochojty
DSB_17_059126.trl;scenarium
DSB_17_059132.trl;štrumpaty
DSB_17_059142.trl;spariznjaty
DSB_17_059145.trl;syrikowaś
DSB_17_059148.trl;rockowaś
DSB_17_059149.trl;wobrunjeś
DSB_17_059151.trl;pśirubaś
DSB_17_059153.trl;stwarźenje
DSB_17_059155.trl;Bronkow
DSB_17_059162.trl;biograf
DSB_17_059164.trl;promenada
DSB_17_059170.trl;póznawaś se
DSB_17_059174.trl;rys
DSB_17_059182.trl;krowcycka
DSB_17_059184.trl;Storkojski
DSB_17_059189.trl;pradlica
DSB_17_059193.trl;šropka
