DSB_16_021470.trl;napšašowaś se
DSB_16_021471.trl;pśešaltowaś
DSB_16_021891.trl;inserentka
DSB_16_021893.trl;zrejtowaś
DSB_16_021895.trl;inkarnacija
DSB_16_021898.trl;zrozrulowaś
DSB_16_021899.trl;pśiměrowaś
DSB_16_021900.trl;gólka
DSB_16_021902.trl;pśiraźaś
DSB_16_021904.trl;harmonizěrowanje
DSB_16_021905.trl;grochowišćo
DSB_16_021907.trl;grějnica
DSB_16_021909.trl;gromaźenje
DSB_16_021910.trl;gólcyšćo
DSB_16_021911.trl;Hirošima
DSB_16_021912.trl;zraźowaś
DSB_16_021913.trl;inserent
DSB_16_021914.trl;feldmaršal
DSB_16_021916.trl;žurnosć
DSB_16_021917.trl;grichišćina
DSB_16_021919.trl;Žrakowaŕ
DSB_16_021920.trl;Kibušanarka
DSB_16_021924.trl;góliś
DSB_16_021925.trl;Luborazarka
DSB_16_021927.trl;zreforměrowaś
DSB_16_021928.trl;groźe
DSB_16_021930.trl;zrymowaś se
DSB_16_021933.trl;gólnistwowy
DSB_16_021934.trl;zriskěrowaś
DSB_16_021937.trl;zrowastawanje
DSB_16_021938.trl;zrost
DSB_16_021939.trl;luder
DSB_16_021940.trl;wukuźeriś
DSB_16_021941.trl;gólnistwownistwo
DSB_16_021942.trl;zrestawrěrowaś
DSB_16_021943.trl;zubaŕ
DSB_16_021944.trl;guměrowaś
DSB_16_021945.trl;gribašk
DSB_16_021946.trl;zrewiděrowaś
DSB_16_021947.trl;inkassoběrow
DSB_16_021949.trl;luminescěrowaś
DSB_16_021951.trl;zranliwy
DSB_16_021952.trl;źurja
DSB_16_021953.trl;zraźiś
DSB_16_021956.trl;gólnica
DSB_16_021957.trl;źiśimordaŕ
DSB_16_021958.trl;zropaśiś se
DSB_16_021960.trl;žrědlica
DSB_16_021961.trl;zwadowarka
DSB_16_021962.trl;bźezwólnje
DSB_16_021964.trl;zwarbowarka
DSB_16_021965.trl;hendryška
DSB_16_021968.trl;žrějarka
DSB_16_021971.trl;Łukowarka
DSB_16_021974.trl;frizišćina
DSB_16_021976.trl;zrusificěrowaś
DSB_16_021977.trl;pśirejtowarka
DSB_16_021978.trl;Lubijarka
DSB_16_021980.trl;gólcyk
DSB_16_021981.trl;wukurjowaś
DSB_16_021982.trl;zraniś se
DSB_16_021984.trl;wulakěrowaś
DSB_16_021985.trl;Grěšna
DSB_16_021986.trl;wukjarmjony
DSB_16_021988.trl;gósć
DSB_16_021989.trl;wugrěwaś se
DSB_16_021990.trl;gubuterganje
DSB_16_021991.trl;zreforměrowany
DSB_16_021992.trl;grěbałko
DSB_16_021994.trl;grecistka
DSB_16_021995.trl;zrodowaś
DSB_16_021996.trl;dalokopódzajtšny
DSB_16_021999.trl;gruzlišk
DSB_16_022000.trl;georgišćina
DSB_16_022001.trl;pśiprowstowaś
DSB_16_022002.trl;Grěšański
DSB_16_022003.trl;zrecenzěrowaś
DSB_16_022004.trl;góńtwowanje
DSB_16_022005.trl;wujědrje
DSB_16_022006.trl;zrekapitulěrowaś
DSB_16_022007.trl;žwatoriś
DSB_16_022008.trl;wukompletěrowaś
DSB_16_022009.trl;zratificěrowaś
DSB_16_022011.trl;grěšyś se
DSB_16_022013.trl;gromaduźaržanje
DSB_16_022017.trl;de-luks-wugótowanje
DSB_16_022018.trl;pśilibrowarka
DSB_16_022019.trl;Gólašow
DSB_16_022020.trl;Žrakojski
DSB_16_022021.trl;luźižrawik
DSB_16_022023.trl;grynšliś
DSB_16_022024.trl;gólona
DSB_16_022026.trl;generalštrajk
DSB_16_022027.trl;Łuchowarka
DSB_16_022029.trl;zwarjonosć
DSB_16_022030.trl;luźirubjenje
DSB_16_022031.trl;wukartetšowaś
DSB_16_022032.trl;žurlicka
DSB_16_022034.trl;zrozbuchowaś
DSB_16_022035.trl;zwenkaparlamentariski
DSB_16_022036.trl;harpuna
DSB_16_022037.trl;źiśimordarka
DSB_16_022038.trl;wuknjarka
DSB_16_022040.trl;žurnal
DSB_16_022041.trl;zubyšćerkanje
DSB_16_022042.trl;zropickowaś
DSB_16_022044.trl;guerilla
DSB_16_022045.trl;Hartmanojcarka
DSB_16_022046.trl;wuklukowarka
DSB_16_022048.trl;wugarbowaś
DSB_16_022050.trl;žurnalistiski
DSB_16_022051.trl;groź
DSB_16_022052.trl;grynzliś se
DSB_16_022053.trl;wulariś
DSB_16_022055.trl;zrosćony
DSB_16_022056.trl;zrownym
DSB_16_022057.trl;pśiprosna
DSB_16_022058.trl;luźiradło
DSB_16_022059.trl;harpuněrowaś
DSB_16_022062.trl;zredigěrowaś
DSB_16_022063.trl;góny
DSB_16_022064.trl;inkwizitor
DSB_16_022065.trl;zrekonstruěrowaś
DSB_16_022066.trl;hartlinerka
DSB_16_022067.trl;wukanalizěrowaś
DSB_16_022068.trl;gromaźišćo
DSB_16_022069.trl;zwarbowanje
DSB_16_022070.trl;pśilibrowaś
DSB_16_022071.trl;inkorporěrowaś
DSB_16_022073.trl;wugrěś se
DSB_16_022074.trl;graśewjeźeca
DSB_16_022075.trl;wujšpurnje
DSB_16_022077.trl;inicializěrowanje
DSB_16_022079.trl;Hartmanojce
DSB_16_022081.trl;generalštab
DSB_16_022082.trl;habilitěrowany
DSB_16_022083.trl;wulazěrowaś
DSB_16_022084.trl;zrozlětowaś
DSB_16_022085.trl;gwězdarka
DSB_16_022087.trl;gropnjejšy
DSB_16_022088.trl;wulaminěrowaś
DSB_16_022093.trl;pśirědowany
DSB_16_022094.trl;zreflektěrowaś
DSB_16_022095.trl;inoperabelny
DSB_16_022096.trl;źurka
DSB_16_022097.trl;źiśarka
DSB_16_022098.trl;inkorektnje
DSB_16_022099.trl;čardaš
DSB_16_022100.trl;wufurněrowaś
DSB_16_022101.trl;gronjaško
DSB_16_022102.trl;pśirachnowaś
DSB_16_022103.trl;inkliněrowaś
DSB_16_022104.trl;žrawik
DSB_16_022105.trl;pśiprowstaś
DSB_16_022107.trl;Greenpeace
DSB_16_022111.trl;góńtwowaś
DSB_16_022112.trl;grědy
DSB_16_022113.trl;pśiprěśe
DSB_16_022114.trl;gruzlowaty
DSB_16_022115.trl;wujědry
DSB_16_022116.trl;pśiměrjowaś se
DSB_16_022117.trl;zregulěrowaś
DSB_16_022118.trl;zrazyś se
DSB_16_022119.trl;zrealizěrowaś
DSB_16_022120.trl;insceněrowaś
DSB_16_022122.trl;žurnalistka
DSB_16_022123.trl;habilitěrowaś se
DSB_16_022124.trl;zrymowaś
DSB_16_022125.trl;guillotiněrowaś
DSB_16_022126.trl;genslěźarka
DSB_16_022127.trl;zryś
DSB_16_022129.trl;de-facto-pśipóznaśe
DSB_16_022130.trl;gwězdarnja
DSB_16_022131.trl;pśikrotcowanje
DSB_16_022132.trl;žrěś
DSB_16_022133.trl;grenaděr
DSB_16_022134.trl;gremium
DSB_16_022135.trl;zropaśenje
DSB_16_022136.trl;luksuriozny
DSB_16_022137.trl;grislymjadwjeź
DSB_16_022138.trl;žrěłko
DSB_16_022139.trl;inscenatorka
DSB_16_022140.trl;hebrejšćina
DSB_16_022141.trl;gromaduźěło
DSB_16_022142.trl;zrewolucioněrowaś
DSB_16_022143.trl;grawura
DSB_16_022146.trl;wugrawěrowaś
DSB_16_022147.trl;zrowatka
DSB_16_022148.trl;góspodliwy
DSB_16_022150.trl;wugroniwosć
DSB_16_022151.trl;zranjobny
DSB_16_022152.trl;gruź
DSB_16_022154.trl;lucerna
DSB_16_022155.trl;zrezerwěrowaś
DSB_16_022156.trl;deltawósuwadło
DSB_16_022157.trl;lukratiwnje
DSB_16_022158.trl;wukuźeriś se
DSB_16_022159.trl;žrědlity
DSB_16_022160.trl;gumnyškark
DSB_16_022162.trl;žrědło
DSB_16_022163.trl;inscenator
DSB_16_022164.trl;graśewjeźecy
DSB_16_022166.trl;grynšliś se
DSB_16_022167.trl;zrazony
DSB_16_022168.trl;Hartmanojski
DSB_16_022169.trl;wugarowaś se
DSB_16_022170.trl;iniciěrowaś
DSB_16_022172.trl;zwarina
DSB_16_022174.trl;injicěrowaś se
DSB_16_022175.trl;zwarnowaś
DSB_16_022176.trl;grawěrowarnja
DSB_16_022177.trl;wujgraś sebje
DSB_16_022178.trl;zreparěrowaś
DSB_16_022181.trl;zrazona
DSB_16_022182.trl;grecizm
DSB_16_022184.trl;Luboraz
DSB_16_022185.trl;inkorporacija
DSB_16_042962.trl;sćerbak
DSB_16_042964.trl;impresija
DSB_16_042965.trl;pśidobriś se
DSB_16_042966.trl;impresario
DSB_16_042967.trl;glura
DSB_16_042970.trl;skartografěrowaś
DSB_16_042971.trl;ceraty
DSB_16_042972.trl;serkotacka
DSB_16_042973.trl;tetowěrowanje
DSB_16_042976.trl;mikronitka
DSB_16_042977.trl;kolibri
DSB_16_042978.trl;derknuś
DSB_16_042979.trl;makro
DSB_16_042980.trl;kołodiagram
DSB_16_042981.trl;euro
DSB_16_042982.trl;marakuja
DSB_16_042983.trl;Barbuk
DSB_16_042984.trl;połwumarły
DSB_16_042985.trl;polymerny
DSB_16_042987.trl;komunard
DSB_16_042988.trl;wideonagraśe
DSB_16_042989.trl;deputěrowaś
DSB_16_042992.trl;determiněrowanje
DSB_16_042993.trl;chmurno
DSB_16_042995.trl;traděrowaś
DSB_16_042996.trl;pśifuter
DSB_16_042998.trl;imigrant
DSB_16_042999.trl;mikroorganizm
DSB_16_043000.trl;šmadrowaś
DSB_16_043001.trl;šnadrjenje
DSB_16_043002.trl;remiza
DSB_16_043004.trl;blarak
DSB_16_043006.trl;deuterium
DSB_16_043007.trl;jubilar
DSB_16_043008.trl;bjerštka
DSB_16_043010.trl;etikarka
DSB_16_043011.trl;personalnopolitiski
DSB_16_043012.trl;barłogowišćo
DSB_16_043013.trl;periferny
DSB_16_043014.trl;šlodariś
DSB_16_043016.trl;ciborium
DSB_16_043020.trl;rejtarnja
DSB_16_043021.trl;petroleum
DSB_16_043022.trl;logaritmus
DSB_16_043023.trl;makroekonomiski
DSB_16_043024.trl;sebjerozměśe
DSB_16_043025.trl;warjarnja
DSB_16_043026.trl;bodyguard
DSB_16_043027.trl;planěrowaś
DSB_16_043028.trl;zabranje
DSB_16_043029.trl;komentěrowaś
DSB_16_043030.trl;karcinogeny
DSB_16_043031.trl;Kamjenicarka
DSB_16_043032.trl;skrekuliś
DSB_16_043033.trl;bombardement
DSB_16_043034.trl;marcycki
DSB_16_043036.trl;kanalizěrowanje
DSB_16_043037.trl;chemikarka
DSB_16_043039.trl;slipper
DSB_16_043041.trl;dinosawrier
DSB_16_043042.trl;radioterapija
DSB_16_043043.trl;pśiderbnjony
DSB_16_043044.trl;Raduš
DSB_16_043045.trl;šmadrjeńko
DSB_16_043047.trl;barmowaś
DSB_16_043049.trl;chrapa
DSB_16_043051.trl;lakcarny
DSB_16_043052.trl;globetrotter
DSB_16_043054.trl;pjepriś
DSB_16_043056.trl;saudi-arabiski
DSB_16_043057.trl;derkanje
DSB_16_043059.trl;wawrjo
DSB_16_043060.trl;rewěr
DSB_16_043061.trl;reparěrowaś
DSB_16_043062.trl;raclette
DSB_16_043064.trl;komornomuzikaliski
DSB_16_043066.trl;zacrěwaś
DSB_16_043072.trl;maruša
DSB_16_043073.trl;Picanarka
DSB_16_043074.trl;bariera
DSB_16_043075.trl;Mandžuraja
DSB_16_043076.trl;desensibilizěrowaś
DSB_16_043077.trl;raźi
DSB_16_043080.trl;brachialny
DSB_16_043081.trl;transfiguracija
DSB_16_043082.trl;difaměrowaś
DSB_16_043083.trl;personalny
DSB_16_043084.trl;blokěrowanje
DSB_16_043087.trl;Mezopotamijarka
DSB_16_043089.trl;logger
DSB_16_043090.trl;sedlarskostawizniski
DSB_16_043091.trl;pśiderk
DSB_16_043092.trl;Skandinawijarka
DSB_16_043093.trl;zagjarowaś
DSB_16_043094.trl;redaktorstwo
DSB_16_043095.trl;medicinarka
DSB_16_043097.trl;makkaroni
DSB_16_043098.trl;socialnokritiski
DSB_16_043099.trl;seismograf
DSB_16_043100.trl;tenraz
DSB_16_043101.trl;kombinatorika
DSB_16_043103.trl;bižuterija
DSB_16_043105.trl;głodumrěśe
DSB_16_043107.trl;serbochorwatšćina
DSB_16_043108.trl;serijowy
DSB_16_043109.trl;pjepjeŕ
DSB_16_043111.trl;šnorchel
DSB_16_043116.trl;brawurozny
DSB_16_043117.trl;šćerkaś se
DSB_16_043120.trl;mentor
DSB_16_043121.trl;homogenizěrowanje
DSB_16_043122.trl;kondor
DSB_16_043123.trl;singulariski
DSB_16_043126.trl;horoskop
DSB_16_043127.trl;rebelarka
DSB_16_043129.trl;redigěrowaś
DSB_16_043131.trl;migrantka
DSB_16_043133.trl;skomunalizěrowaś
DSB_16_043136.trl;renitenca
DSB_16_043137.trl;teuro
DSB_16_043138.trl;wěcejcerowy
DSB_16_043139.trl;rafiněrowaś
DSB_16_043142.trl;smarkanje
DSB_16_043143.trl;jubilarka
DSB_16_043145.trl;beaufortskala
DSB_16_043146.trl;barwarnja
DSB_16_043148.trl;peruański
DSB_16_043149.trl;pinowarka
DSB_16_043150.trl;rekrutka
DSB_16_043152.trl;termodynamika
DSB_16_043153.trl;Boliwijarka
DSB_16_043154.trl;barwjeńk
DSB_16_043156.trl;temperowaś
DSB_16_043157.trl;šyfrěrowanje
DSB_16_043158.trl;tatar
DSB_16_043160.trl;Jaworcański
DSB_16_043162.trl;imperfekt
DSB_16_043163.trl;militarizm
DSB_16_043164.trl;kalendarium
DSB_16_043165.trl;reš
DSB_16_043166.trl;małoburski
DSB_16_043167.trl;skrofelaty
DSB_16_043168.trl;lidarstwo
DSB_16_043169.trl;masakrěrowaś
DSB_16_043171.trl;małoinwestorka
DSB_16_043172.trl;Slobranicka
DSB_16_043173.trl;komerc
DSB_16_043174.trl;matjesjerjeg
DSB_16_043176.trl;piratka
DSB_16_043178.trl;rafinat
DSB_16_043180.trl;derkotajucy
DSB_16_043181.trl;sardinka
DSB_16_043182.trl;Euphrat
DSB_16_043183.trl;plagiator
DSB_16_043184.trl;referendar
DSB_16_043185.trl;wjelikoindustrija
DSB_16_043186.trl;terminěrowanje
DSB_16_043189.trl;redakcija
DSB_16_043191.trl;socialdemokrat
DSB_16_043192.trl;reumakura
DSB_16_043195.trl;skristalizěrowaś se
DSB_16_043196.trl;radioaktiwny
DSB_16_043197.trl;marxistka
DSB_16_043199.trl;wjelikoprodukcija
DSB_16_043200.trl;serpownica
DSB_16_043201.trl;permanenca
DSB_16_043202.trl;topografiski
DSB_16_043203.trl;samsefinancěrowanje
DSB_16_043205.trl;škrějadło
DSB_16_043207.trl;rapidny
DSB_16_043208.trl;hydronym
DSB_16_043211.trl;šćerbinaty
DSB_16_043212.trl;bipolarny
DSB_16_043213.trl;liberianiski
DSB_16_043215.trl;testamentariski
DSB_16_043216.trl;mikroskopiski
DSB_16_043217.trl;determiněrowaś
DSB_16_043218.trl;Persiska
DSB_16_043219.trl;słucharnja
DSB_16_043221.trl;terminal
DSB_16_043222.trl;centralnoafriski
DSB_16_043225.trl;metaforika
DSB_16_043227.trl;rejtowanišćo
DSB_16_043228.trl;leksikograf
DSB_16_043229.trl;jordaniski
DSB_16_043230.trl;skomanděrowaś
DSB_16_043231.trl;blaměrowanje
DSB_16_043232.trl;reprezentěrowaś
DSB_16_043233.trl;regent
DSB_16_043234.trl;dermotnje
DSB_16_043235.trl;mechanizěrowaś
DSB_16_043236.trl;sajźarnica
DSB_16_043237.trl;dewastěrowaś
DSB_16_043241.trl;rědnučkosć
DSB_16_043242.trl;minitrip
DSB_16_043243.trl;serbiski
DSB_16_043245.trl;Rakecański
DSB_16_043246.trl;matriks
DSB_16_043247.trl;skrjuzyś
DSB_16_043248.trl;pśigruźowaś
DSB_16_043249.trl;retarděrowaś
DSB_16_043251.trl;liwrěrowany
DSB_16_043252.trl;tolerantnje
DSB_16_043253.trl;systemsoftware
DSB_16_043255.trl;blonděrowaś
DSB_16_043256.trl;legěrowaś
DSB_16_043258.trl;tragika
DSB_16_043259.trl;bandleader
DSB_16_043262.trl;gnercatosć
DSB_16_043263.trl;determinist
DSB_16_043264.trl;wěrnje
DSB_16_043265.trl;metrostacija
DSB_16_043266.trl;permiski
DSB_16_043267.trl;šarmotaś
DSB_16_043270.trl;miliardny
DSB_16_043271.trl;zaderkawa
DSB_16_043273.trl;horicontala
DSB_16_043274.trl;zagrawaś se
DSB_16_043278.trl;libretistka
DSB_16_043280.trl;voyeur
DSB_16_043281.trl;mjazyrezultat
DSB_16_043282.trl;rewersibelnosć
DSB_16_043284.trl;Eritreja
DSB_16_043285.trl;indirektnosć
DSB_16_043286.trl;pśigranicujucy
DSB_16_043287.trl;jurta
DSB_16_043288.trl;chronika
DSB_16_043294.trl;maskěrowaś se
DSB_16_043295.trl;serwer
DSB_16_043296.trl;warjak
DSB_16_043297.trl;desorganizacija
DSB_16_043299.trl;totalitarnje
DSB_16_043301.trl;kokrik
DSB_16_043302.trl;koloratura
DSB_16_043303.trl;radiopromjenjenje
DSB_16_043304.trl;recitatoriski
DSB_16_043310.trl;hydrodynamika
DSB_16_043311.trl;mediator
DSB_16_043312.trl;perfektnosć
DSB_16_043313.trl;tercier
DSB_16_043314.trl;barium
DSB_16_043316.trl;zaeksercěrowaś
DSB_16_043321.trl;skrupele
DSB_16_043322.trl;rasowy
DSB_16_043324.trl;reformy
DSB_16_043327.trl;mauser
DSB_16_043328.trl;wobdarjowaś
DSB_16_043330.trl;jadnorěcny
DSB_16_043331.trl;warietej
DSB_16_043332.trl;zacrěś
DSB_16_043333.trl;mikrožwała
DSB_16_043334.trl;radartechnika
DSB_16_043335.trl;wjerchojstwicko
DSB_16_043336.trl;mejstarka
DSB_16_043337.trl;impregněrowanje
DSB_16_043338.trl;hydrografija
DSB_16_043340.trl;běrtyllětnje
DSB_16_043341.trl;wibrěrowaś
DSB_16_043342.trl;rabatěrowaś
DSB_16_043343.trl;referentka
DSB_16_043344.trl;sankcioněrowaś
DSB_16_043346.trl;metaforiski
DSB_16_043347.trl;seminarist
DSB_16_043349.trl;rehabilitant
DSB_16_043355.trl;referendum
DSB_16_043356.trl;trampolin
DSB_16_043357.trl;karej
DSB_16_043358.trl;tetowěrowanka
DSB_16_043362.trl;Saturn
DSB_16_043363.trl;Liberia
DSB_16_043364.trl;mikroba
DSB_16_043365.trl;perfektny
DSB_16_043366.trl;makromolekularny
DSB_16_043367.trl;report
DSB_16_043368.trl;kolorizm
DSB_16_043369.trl;wjacornicka
